session_id,screened_out,age_band,stream_freq,eat_while_watch,devices,meal_sessions_per_week,decision_time,meal_pct_over,giveup_freq,know_what_want,action_when_dragged,annoyance,open_giveup_story,eligible
e0d7f8c0-b6ff-4152-9ed7-4145146c057f,False,18–22,A few times a week,Sometimes,Laptop;TV,3–5,1–3 minutes,5,A few times,I usually have to figure it out,Switched to YouTube,3,,True
00b0f45b-182f-46fd-b5a9-9335806f1183,False,18–22,A few times a week,Sometimes,Phone;TV,3–5,I never started,7,A few times,Depends,Switched to YouTube,8,,True
49ef13cf-0278-48e5-b676-6761c8553a2f,False,23–26,Every day,Most meals,Phone,10+,1–3 minutes,5,A few times,Depends,Put on an old favourite,8,,True
2c2e2e53-9d76-40a1-8f27-cc91573ffdac,False,18–22,A few times a week,Most meals,Laptop,6–10,Under 1 minute,1,Once or twice,Depends,Switched to YouTube,10,,True
10b46a90-76b7-4fb2-9ac7-ed34294d426a,False,27–30,Every day,Most meals,Phone;Laptop,10+,3–5 minutes,0,Never,I usually already know,Put on an old favourite,10,,True
19a064ba-6ac6-4e47-ae5e-77f5dbaa52a6,False,23–26,Every day,Sometimes,TV;Tablet,3–5,1–3 minutes,3,A few times,I usually already know,Put on an old favourite,0,,True
0f594d30-7c67-4a8b-84a5-0e8eaa052ff8,False,27–30,Every day,Sometimes,TV,10+,1–3 minutes,0,Never,Depends,Watched something on it anyway,0,,True
33965e13-e22c-460e-8152-855cbcb4fd64,False,18–22,Every day,Most meals,Phone,6–10,Under 1 minute,1,Once or twice,I usually already know,Put on an old favourite,1,,True
334373bd-9780-41a0-8649-24074d51fd6d,False,18–22,Every day,Most meals,Phone,6–10,1–3 minutes,2,A few times,Depends,Put on an old favourite,8,I just close it or just rewatch something that I like,True
63a988b9-bc0f-4701-ac3f-9a76adfd3f8a,False,23–26,Every day,Most meals,TV;Laptop,6–10,3–5 minutes,7,A few times,Depends,Watched something on it anyway,8,,True
723fc4fa-b3f9-48c6-a823-3fa0b69b1c60,False,18–22,A few times a week,Most meals,Phone;TV,3–5,5–10 minutes,3,A few times,I usually have to figure it out,Put on an old favourite,6,,True
c4f215c1-d378-471d-a86c-799e7889de27,False,18–22,A few times a week,Sometimes,Phone;Laptop,1–2,Over 10 minutes,0,Once or twice,I usually have to figure it out,Put on an old favourite,7,I ate the meel with instagram reels,True
e1a8b2e3-f0d2-43b8-ad9d-56649caa99b5,False,27–30,About once a week,Most meals,Laptop;Phone,3–5,Under 1 minute,0,Never,I usually already know,Put on an old favourite,5,"Never, I always decide well before the meal time what I'm going to watch today. Availability of material i check beforehand because I don't want hassle at mealtime. Available Material is just as important as available food.",True
490d61d1-7511-45e4-9b3d-85221d0514f6,False,27–30,A few times a week,Most meals,Phone;Laptop,3–5,1–3 minutes,1,Once or twice,I usually already know,Switched to YouTube,0,I opened YouTube and watched a video from one the channels I've subscribed.,True
799ede66-a006-4526-91ca-895404bf29ae,False,23–26,Every day,Most meals,Laptop,3–5,Over 10 minutes,0,Once or twice,I usually already know,Switched to YouTube,4,,True
b579bc7f-b01e-4739-98d9-408151b96d3f,False,23–26,Every day,Most meals,Phone,10+,Under 1 minute,1,Once or twice,I usually already know,Watched something on it anyway,1,The meal was already over. I'm usually in a hurry to finish due to the schedule so as soon as the food's gone I'm up.,True
65462806-6721-468e-8037-d4cd90282dd0,False,27–30,Every day,Most meals,Phone,3–5,5–10 minutes,7,Never,Depends,Put on an old favourite,6,Nothing much i usually gravitate towards classic if it’s consuming a lot of time then i stream a YT vid,True
6eedbc90-f77b-4da3-9304-644df5b9c5bc,False,23–26,About once a week,Most meals,Phone,1–2,1–3 minutes,3,A few times,Depends,Put on an old favourite,10,,True
13f4e8d8-5015-497e-a72d-755dba563466,False,18–22,A few times a week,Sometimes,Laptop;Phone;TV,3–5,3–5 minutes,2,Never,I usually already know,Watched something on it anyway,4,,True
f15f94d1-7b66-420d-99b5-547b829459b1,False,18–22,Every day,Most meals,Laptop;TV;Phone,10+,5–10 minutes,7,A few times,I usually have to figure it out,Switched to YouTube,10,,True
83f93cf8-dc40-4513-9095-dab4408c4235,False,23–26,Every day,Most meals,TV;Tablet,10+,1–3 minutes,5,Once or twice,Depends,Put on an old favourite,6,,True
a0b6ee8d-ab45-4436-a353-1cd6782704c8,False,18–22,Every day,Most meals,Phone,6–10,Under 1 minute,7,A few times,I usually have to figure it out,Switched to YouTube,7,,True
88f5f5f5-4182-4356-a9f2-0552bf128591,False,23–26,A few times a week,Rarely,Phone,1–2,1–3 minutes,3,Often,I usually already know,Switched to another app,6,,True
ce845b4d-c685-48c1-a977-6e54d2360603,False,23–26,A few times a week,Most meals,Laptop;TV,6–10,3–5 minutes,4,Once or twice,Depends,Switched to YouTube,2,it wasntt even on streaming so i switched to youtube,True
4d1bf8f2-9e8f-4f91-b893-3745050c5f5c,False,23–26,A few times a week,Sometimes,Phone,3–5,3–5 minutes,4,Often,I usually already know,Scrolled social media instead,4,"Today only while deciding, the food got cold and started something randomly, got to know as soon as we started, it's in Marathi, continued watching it because had to watch something.",True
03909398-4cb6-46f2-af7a-c9da01a25412,False,18–22,Every day,Most meals,Phone;Laptop,10+,Under 1 minute,0,Never,I usually already know,Put on an old favourite,0,,True
28dfc538-c153-4690-9c80-dd8484fa8e3e,False,27–30,A few times a week,Sometimes,Tablet,3–5,1–3 minutes,4,Once or twice,I usually already know,Switched to YouTube,8,,True
09727b44-b4d2-49db-8897-ef1cd059ceef,False,23–26,About once a week,Most meals,Laptop;TV,1–2,Over 10 minutes,7,Once or twice,I usually have to figure it out,Switched to YouTube,6,,True
00ec4853-a95d-4373-8328-c20d2f86431f,False,23–26,Every day,Most meals,Tablet,1–2,Over 10 minutes,0,Often,Depends,Watched something on it anyway,3,,True
07de7ecb-d1f0-4564-b06f-45079b0bd763,False,27–30,A few times a week,Most meals,Laptop,6–10,3–5 minutes,4,Once or twice,I usually have to figure it out,Switched to YouTube,5,Na,True
b5f0c917-4c11-4745-8ae3-5d53e4520b72,False,27–30,A few times a week,Most meals,Laptop;TV,1–2,3–5 minutes,7,Once or twice,I usually have to figure it out,Switched to YouTube,10,,True
b5fc511d-51cd-4a69-9bbc-6cef7bd37aab,False,23–26,A few times a week,Most meals,Phone;Laptop,6–10,3–5 minutes,2,A few times,I usually already know,Scrolled social media instead,5,,True
cdadb862-902d-4ec4-a687-7c057ef27154,False,18–22,About once a week,Rarely,Phone;Laptop,3–5,Under 1 minute,0,Never,I usually already know,Scrolled social media instead,1,,True
8eeaf4d4-1135-4dfc-a2b1-5f7b428da971,False,23–26,A few times a week,Sometimes,Phone,1–2,3–5 minutes,7,Often,I usually have to figure it out,Switched to YouTube,7,Stitched to YouTube or Instagram,True
ba04bb3f-8c84-4c00-98dc-56efbc2c6f75,False,18–22,A few times a week,Most meals,Laptop;Phone,1–2,Under 1 minute,0,Never,I usually already know,Switched to YouTube,1,,True
cc759fe7-6a91-433b-9889-dd2159e6cb39,False,23–26,Every day,Most meals,Tablet,6–10,1–3 minutes,0,Once or twice,I usually already know,Switched to YouTube,10,,True
0df5e8f3-1f8d-4fed-8afb-f63bebea8cbd,False,18–22,Every day,Most meals,Laptop;TV,10+,3–5 minutes,0,Once or twice,I usually already know,Switched to YouTube,0,,True
058cf5ed-017e-4f03-bf5a-6d9fe72d8ce2,False,23–26,About once a week,Most meals,Phone;Laptop,6–10,3–5 minutes,7,Often,I usually have to figure it out,Switched to YouTube,7,It’s really frustrating enough but sometimes the food is too good to let go cold!,True
66eab574-9791-4e14-8038-17a388222b7c,False,23–26,A few times a week,Most meals,Phone,6–10,1–3 minutes,7,Once or twice,I usually have to figure it out,Switched to YouTube,8,"I came across a few random food blogs and ended up spending some time exploring them, but couldn’t find exactly what I was looking for.",True
67b5e5ea-5d5a-4d73-81a5-a0052ec94296,False,23–26,About once a week,Most meals,Phone;Laptop,6–10,5–10 minutes,3,A few times,I usually have to figure it out,Scrolled social media instead,7,,True
7ad514d3-d1ca-4ca0-b836-8c6237ea4126,False,23–26,Every day,Most meals,TV;Tablet,10+,1–3 minutes,0,Never,Depends,Put on an old favourite,5,,True
33ce6c6a-5eef-4a8b-87ce-79c021398eba,False,23–26,Every day,Most meals,TV,6–10,Over 10 minutes,0,A few times,Depends,Watched something on it anyway,6,When having a meal with parents. Hard to find a show that us genz can watch with parents.,True
c213741d-f236-4281-9a59-4776fa7eac60,False,23–26,Every day,Most meals,TV,10+,Over 10 minutes,10,A few times,Depends,Put on an old favourite,10,Made cup of noodles wanted to watch anime. The food got cold and I ended up rewatching same anime,True
f7b3c4c2-21cc-481f-a40e-59f1840e2893,False,18–22,Every day,Most meals,Tablet,6–10,3–5 minutes,1,Once or twice,I usually already know,Put on an old favourite,1,,True
9eb2e3bf-3611-45eb-b980-f38d028e665f,False,23–26,A few times a week,Most meals,Phone;Tablet,10+,3–5 minutes,5,A few times,Depends,Switched to YouTube,7,,True
3623559b-a0df-4d93-94a1-f83d06d77879,False,23–26,Every day,Most meals,Phone;Tablet,6–10,1–3 minutes,2,Never,I usually have to figure it out,Switched to YouTube,7,I opened my you tube and started watvhing TMKOC,True
6c527ead-03dd-42d8-b9a1-7c9e00e441d1,False,27–30,Every day,Most meals,TV,6–10,5–10 minutes,3,A few times,I usually have to figure it out,Put on an old favourite,8,,True
9852fc2c-ada4-4e32-9c87-d16b09a3e760,False,27–30,Every day,Most meals,Laptop,6–10,Over 10 minutes,6,Never,I usually already know,Switched to YouTube,5,I switched to youtube and watched a video. Mostly I take 10-15 mins to complete my meal,True
9c6f44e1-980b-45c4-9614-f390f802de12,False,23–26,A few times a week,Sometimes,Laptop,6–10,Under 1 minute,2,Once or twice,I usually already know,Put on an old favourite,5,Nothing…then next time I have started deciding earlier.,True
1c9cffec-6ca5-478f-9979-0d7d4b422add,False,27–30,Every day,Most meals,Laptop,10+,3–5 minutes,0,Never,I usually already know,Scrolled social media instead,3,,True
372a9eb4-d7fb-4707-9610-9105adbaa016,False,23–26,A few times a week,Most meals,Phone;Laptop,6–10,Over 10 minutes,5,Often,I usually have to figure it out,Put on an old favourite,10,,True
6a75df52-3f9b-45df-a552-25e274202da0,False,23–26,About once a week,Sometimes,Phone,3–5,5–10 minutes,7,A few times,I usually have to figure it out,Scrolled social media instead,8,,True
ab945d10-c366-4da7-8764-90d9ae03492c,False,18–22,A few times a week,Sometimes,Laptop;Phone;TV,6–10,5–10 minutes,4,Once or twice,I usually have to figure it out,Watched something on it anyway,6,,True
aa6feaa1-a681-40fa-824f-a3fe9445cc01,False,23–26,Every day,Most meals,Laptop;Tablet;Phone;TV,10+,3–5 minutes,2,A few times,Depends,Switched to YouTube,4,"Usually one weekends i have episode releases of anime, during the weekdays i prefer watching something short (if theres no time i just open youtube)",True
706ec6d4-1b89-468d-861c-668c8f145aa7,False,23–26,Every day,Sometimes,Laptop,3–5,Over 10 minutes,2,Once or twice,I usually have to figure it out,Put on an old favourite,9,,True
e34f73c4-7a24-4db4-aa1c-b27279ebe114,False,23–26,A few times a week,Most meals,Phone,10+,3–5 minutes,3,Never,I usually already know,Switched to YouTube,8,,True
567465ff-5cce-46e6-8e86-fc5b75aa35d9,False,23–26,About once a week,Most meals,Phone,1–2,1–3 minutes,3,Often,Depends,Put on an old favourite,10,,True
42243e61-080d-4bde-9227-300d3b1ede25,False,23–26,Every day,Most meals,Laptop;Tablet,3–5,Over 10 minutes,5,Once or twice,Depends,Put on an old favourite,8,"when i wasn't watching any series in continuation, if i finish any series, next day i will be thinking what to watch",True
7b56193c-9df9-41bc-879a-cbb7e2fdeecc,False,27–30,Every day,Sometimes,Laptop,6–10,Over 10 minutes,4,Once or twice,I usually have to figure it out,Scrolled social media instead,3,,True
0c3aa2ac-a00b-41f5-955e-27a4c543589e,False,23–26,A few times a week,Most meals,Phone,3–5,5–10 minutes,6,Often,I usually have to figure it out,Scrolled social media instead,6,,True
10ee65ce-6a4c-40b3-9c40-2d21f061c7eb,False,18–22,Every day,Most meals,Phone;Laptop,6–10,5–10 minutes,1,Once or twice,I usually already know,Scrolled social media instead,7,,True
